datetime,lat,lon
2019-10-15 00:00:00,84.75593028333333,134.387
2019-10-15 06:00:00,84.76176943333333,134.363
2019-10-15 12:00:00,84.76150188333334,134.285
2019-10-15 18:00:00,84.76575248333333,134.189
2019-10-16 00:00:00,84.76250668333333,133.937
2019-10-16 06:00:00,84.76498355,133.713
2019-10-16 12:00:00,84.75960253333334,133.488
2019-10-16 18:00:00,84.76300608333334,133.296
2019-10-17 00:00:00,84.75692891666667,133.12
2019-10-17 06:00:00,84.75672226666667,132.965
2019-10-17 12:00:00,84.75159521666667,132.927
2019-10-17 18:00:00,84.75497906666666,132.973
2019-10-18 00:00:00,84.76371408333333,133.039
2019-10-18 06:00:00,84.79089268333334,133.1
2019-10-18 12:00:00,84.8179258,133.133
2019-10-18 18:00:00,84.85983098333334,133.178
2019-10-19 00:00:00,84.89301315,133.221
2019-10-19 06:00:00,84.92301823333334,133.189
2019-10-19 12:00:00,84.9378378,133.082
2019-10-19 18:00:00,84.95723198333333,132.972
2019-10-20 00:00:00,84.96426425,132.836
2019-10-20 06:00:00,84.98036023333333,132.745
2019-10-20 12:00:00,84.99419796666666,132.677
2019-10-20 18:00:00,85.0221823,132.726
2019-10-21 00:00:00,85.04670959999999,132.778
2019-10-21 06:00:00,85.09090861666667,132.727
2019-10-21 12:00:00,85.12348259999999,132.513
2019-10-21 18:00:00,85.16500440000002,132.243
2019-10-22 00:00:00,85.20096716666667,131.917
2019-10-22 06:00:00,85.24666450000001,131.59
2019-10-22 12:00:00,85.2757938,131.186
2019-10-22 18:00:00,85.30135496666666,130.797
2019-10-23 00:00:00,85.3205931,130.456
2019-10-23 06:00:00,85.33929855,130.119
2019-10-23 12:00:00,85.34869848333334,129.84
2019-10-23 18:00:00,85.3602137,129.649
2019-10-24 00:00:00,85.37062306666667,129.439
2019-10-24 06:00:00,85.3908438,129.223
2019-10-24 12:00:00,85.40621126666667,128.928
2019-10-24 18:00:00,85.4244025,128.579
2019-10-25 00:00:00,85.43478751666666,128.259
2019-10-25 06:00:00,85.44441165,128.04
2019-10-25 12:00:00,85.44653251666666,127.875
2019-10-25 18:00:00,85.45032885,127.741
2019-10-26 00:00:00,85.44989901666666,127.616
2019-10-26 06:00:00,85.45311675,127.515
2019-10-26 12:00:00,85.45529538333334,127.388
2019-10-26 18:00:00,85.46217283333333,127.271
2019-10-27 00:00:00,85.46969158333333,127.137
2019-10-27 06:00:00,85.48342945,127.005
2019-10-27 12:00:00,85.49711861666667,126.863
2019-10-27 18:00:00,85.51581348333333,126.732
2019-10-28 00:00:00,85.53672495,126.526
2019-10-28 06:00:00,85.56353788333334,126.324
2019-10-28 12:00:00,85.58917271666667,126.144
2019-10-28 18:00:00,85.61165461666667,125.977
2019-10-29 00:00:00,85.63050275,125.715
2019-10-29 06:00:00,85.64900025,125.476
2019-10-29 12:00:00,85.66587793333333,125.191
2019-10-29 18:00:00,85.68314528333333,124.966
2019-10-30 00:00:00,85.69810636666666,124.716
2019-10-30 06:00:00,85.71365141666666,124.504
2019-10-30 12:00:00,85.72730178333333,124.25
2019-10-30 18:00:00,85.73921298333333,124.055
2019-10-31 00:00:00,85.7509456,123.806
2019-10-31 06:00:00,85.76293228333333,123.615
2019-10-31 12:00:00,85.77456741666667,123.413
2019-10-31 18:00:00,85.78559111666667,123.259
2019-11-01 00:00:00,85.796928,123.072
2019-11-01 06:00:00,85.80955595,122.947
2019-11-01 12:00:00,85.82156965,122.817
2019-11-01 18:00:00,85.83190373333333,122.761
2019-11-02 00:00:00,85.83984968333333,122.659
2019-11-02 06:00:00,85.84926406666666,122.581
2019-11-02 12:00:00,85.85767101666667,122.423
2019-11-02 18:00:00,85.86901575,122.26
2019-11-03 00:00:00,85.87988028333334,122.004
2019-11-03 06:00:00,85.89385735,121.74
2019-11-03 12:00:00,85.90413713333334,121.241
2019-11-03 18:00:00,85.91824006666667,120.871
2019-11-04 00:00:00,85.92924281666667,120.481
2019-11-04 06:00:00,85.94085941666668,120.135
2019-11-04 12:00:00,85.9484031,119.735
2019-11-04 18:00:00,85.95358221666666,119.4
2019-11-05 00:00:00,85.95275441666666,119.075
2019-11-05 06:00:00,85.94878541666667,118.773
2019-11-05 12:00:00,85.93872506666666,118.44
2019-11-05 18:00:00,85.93001051666667,118.175
2019-11-06 00:00:00,85.92228145,117.921
2019-11-06 06:00:00,85.91896158333333,117.706
2019-11-06 12:00:00,85.91687931666667,117.438
2019-11-06 18:00:00,85.9185878,117.228
2019-11-07 00:00:00,85.91864513333331,116.997
2019-11-07 06:00:00,85.92031835,116.824
2019-11-07 12:00:00,85.91766398333333,116.618
2019-11-07 18:00:00,85.91616371666667,116.483
2019-11-08 00:00:00,85.91219133333334,116.325
2019-11-08 06:00:00,85.90837718333333,116.204
2019-11-08 12:00:00,85.89749033333334,116.042
2019-11-08 18:00:00,85.88393695,115.891
2019-11-09 00:00:00,85.86590253333334,115.781
2019-11-09 06:00:00,85.85029161666667,115.785
2019-11-09 12:00:00,85.8372085,115.782
2019-11-09 18:00:00,85.82796133333333,115.868
2019-11-10 00:00:00,85.82268208333333,115.945
2019-11-10 06:00:00,85.82235136666667,116.062
2019-11-10 12:00:00,85.82619983333333,116.142
2019-11-10 18:00:00,85.83504071666667,116.262
2019-11-11 00:00:00,85.8504748,116.336
2019-11-11 06:00:00,85.8756245,116.46
2019-11-11 12:00:00,85.9149516,116.597
2019-11-11 18:00:00,85.95284173333332,116.853
2019-11-12 00:00:00,85.98061093333334,117.142
2019-11-12 06:00:00,86.00668371666669,117.434
2019-11-12 12:00:00,86.03518568333334,117.562
2019-11-12 18:00:00,86.06216348333334,117.738
2019-11-13 00:00:00,86.08537591666666,117.838
2019-11-13 06:00:00,86.10251355,117.977
2019-11-13 12:00:00,86.11607455,117.966
2019-11-13 18:00:00,86.12808866666668,118.002
2019-11-14 00:00:00,86.14645846666667,118.077
2019-11-14 06:00:00,86.16266391666667,118.204
2019-11-14 12:00:00,86.17411366666668,118.245
2019-11-14 18:00:00,86.18199558333332,118.316
2019-11-15 00:00:00,86.18650023333332,118.306
2019-11-15 06:00:00,86.18930536666667,118.379
2019-11-15 12:00:00,86.19141586666667,118.486
2019-11-15 18:00:00,86.19426575,118.851
2019-11-16 00:00:00,86.18985198333333,119.315
2019-11-16 06:00:00,86.17979811666666,119.993
2019-11-16 12:00:00,86.15953878333332,120.933
2019-11-16 18:00:00,86.14298305,121.992
2019-11-17 00:00:00,86.09442026666666,122.443
2019-11-17 06:00:00,86.04349551666668,122.516
2019-11-17 12:00:00,85.99594048333331,122.506
2019-11-17 18:00:00,85.95581356666666,122.049
2019-11-18 00:00:00,85.89730033333333,121.47
2019-11-18 06:00:00,85.85303765,120.804
2019-11-18 12:00:00,85.81793441666667,120.5
2019-11-18 18:00:00,85.80529471666667,120.312
2019-11-19 00:00:00,85.79808951666666,120.47
2019-11-19 06:00:00,85.8023265,120.523
2019-11-19 12:00:00,85.79224126666666,120.77
2019-11-19 18:00:00,85.77964435,121.024
2019-11-20 00:00:00,85.76205866666666,121.352
2019-11-20 06:00:00,85.76579846666667,121.602
2019-11-20 12:00:00,85.75902246666666,121.515
2019-11-20 18:00:00,85.75740203333334,121.327
2019-11-21 00:00:00,85.74590645,121.113
2019-11-21 06:00:00,85.74375079999999,120.949
2019-11-21 12:00:00,85.73912275,120.891
2019-11-21 18:00:00,85.73976138333333,120.867
2019-11-22 00:00:00,85.73474240000002,120.832
2019-11-22 06:00:00,85.73403548333333,120.809
2019-11-22 12:00:00,85.73065395,120.62
2019-11-22 18:00:00,85.73520721666667,120.426
2019-11-23 00:00:00,85.73297411666667,120.321
2019-11-23 06:00:00,85.73608633333333,120.336
2019-11-23 12:00:00,85.74370625,120.503
2019-11-23 18:00:00,85.76950965,120.839
2019-11-24 00:00:00,85.80738795,121.095
2019-11-24 06:00:00,85.86019058333333,121.35
2019-11-24 12:00:00,85.89873223333333,121.343
2019-11-24 18:00:00,85.93205285,121.27
2019-11-25 00:00:00,85.97286940000001,121.049
2019-11-25 06:00:00,86.01519375,120.825
2019-11-25 12:00:00,86.05260485,120.508
2019-11-25 18:00:00,86.08138508333332,120.212
2019-11-26 00:00:00,86.10342715,119.855
2019-11-26 06:00:00,86.11872028333332,119.485
2019-11-26 12:00:00,86.12827055,119.098
2019-11-26 18:00:00,86.13568536666666,118.753
2019-11-27 00:00:00,86.14455763333332,118.452
2019-11-27 06:00:00,86.15220633333334,118.191
2019-11-27 12:00:00,86.15953468333332,117.91
2019-11-27 18:00:00,86.16444871666668,117.619
2019-11-28 00:00:00,86.1680136,117.317
2019-11-28 06:00:00,86.16518543333332,116.994
2019-11-28 12:00:00,86.15768813333334,116.613
2019-11-28 18:00:00,86.14507051666666,116.081
2019-11-29 00:00:00,86.13188608333333,115.455
2019-11-29 06:00:00,86.11731881666668,114.826
2019-11-29 12:00:00,86.10854786666668,114.213
2019-11-29 18:00:00,86.09530091666667,113.75
2019-11-30 00:00:00,86.07998726666666,113.344
2019-11-30 06:00:00,86.06074246666668,113.037
2019-11-30 12:00:00,86.0403812,112.853
2019-11-30 18:00:00,86.01635223333334,112.783
2019-12-01 00:00:00,85.99391036666668,112.802
2019-12-01 06:00:00,85.97235726666666,112.981
2019-12-01 12:00:00,85.952713,113.195
2019-12-01 18:00:00,85.93132320000001,113.33
2019-12-02 00:00:00,85.92322026666666,113.51
2019-12-02 06:00:00,85.92230173333333,113.73
2019-12-02 12:00:00,85.92718746666668,113.981
2019-12-02 18:00:00,85.94204528333331,114.351
2019-12-03 00:00:00,85.96821261666666,114.918
2019-12-03 06:00:00,85.998576,115.585
2019-12-03 12:00:00,86.0256443,116.266
2019-12-03 18:00:00,86.05204278333332,116.896
2019-12-04 00:00:00,86.07532528333331,117.51
2019-12-04 06:00:00,86.09455435,118.131
2019-12-04 12:00:00,86.10692141666668,118.766
2019-12-04 18:00:00,86.12043766666666,119.398
2019-12-05 00:00:00,86.12819391666666,119.997
2019-12-05 06:00:00,86.13975336666668,120.593
2019-12-05 12:00:00,86.142883,121.146
2019-12-05 18:00:00,86.14503918333334,121.648
2019-12-06 00:00:00,86.14049435,122.007
2019-12-06 06:00:00,86.14005298333332,122.226
2019-12-06 12:00:00,86.13896855,122.294
2019-12-06 18:00:00,86.14453125,122.289
2019-12-07 00:00:00,86.14783265,122.238
2019-12-07 06:00:00,86.1563744,122.173
2019-12-07 12:00:00,86.16460118333332,122.107
2019-12-07 18:00:00,86.18209223333334,121.974
2019-12-08 00:00:00,86.21583385,121.658
2019-12-08 06:00:00,86.25872171666668,121.425
2019-12-08 12:00:00,86.29375168333334,121.281
2019-12-08 18:00:00,86.32960899999999,121.185
2019-12-09 00:00:00,86.35770738333332,121.093
2019-12-09 06:00:00,86.38615395,120.985
2019-12-09 12:00:00,86.41182373333334,120.896
2019-12-09 18:00:00,86.4373626,120.906
2019-12-10 00:00:00,86.45995348333334,120.899
2019-12-10 06:00:00,86.48682609999999,120.98
2019-12-10 12:00:00,86.50726133333332,121.042
2019-12-10 18:00:00,86.52620346666669,121.021
2019-12-11 00:00:00,86.54688353333331,120.878
2019-12-11 06:00:00,86.56281899999999,120.805
2019-12-11 12:00:00,86.57642785,120.698
2019-12-11 18:00:00,86.58679611666666,120.47
2019-12-12 00:00:00,86.59396936666668,120.287
2019-12-12 06:00:00,86.59826263333332,120.138
2019-12-12 12:00:00,86.59836949999999,120.009
2019-12-12 18:00:00,86.59727028333332,119.873
2019-12-13 00:00:00,86.594233,119.673
2019-12-13 06:00:00,86.59195231666666,119.376
2019-12-13 12:00:00,86.59447496666668,119.121
2019-12-13 18:00:00,86.59818759999999,118.904
2019-12-14 00:00:00,86.60302309999999,118.711
2019-12-14 06:00:00,86.60883436666668,118.566
2019-12-14 12:00:00,86.61294541666666,118.441
2019-12-14 18:00:00,86.61571655,118.336
2019-12-15 00:00:00,86.61806933333334,118.224
2019-12-15 06:00:00,86.61911811666668,118.096
2019-12-15 12:00:00,86.61887548333333,117.953
2019-12-15 18:00:00,86.61696448333332,117.742
2019-12-16 00:00:00,86.61301695,117.46
2019-12-16 06:00:00,86.60554536666666,117.037
2019-12-16 12:00:00,86.59820623333331,116.415
2019-12-16 18:00:00,86.60138015,115.789
2019-12-17 00:00:00,86.60699666666666,115.31
2019-12-17 06:00:00,86.61930358333332,114.872
2019-12-17 12:00:00,86.63600258333334,114.533
2019-12-17 18:00:00,86.65499043333334,114.221
2019-12-18 00:00:00,86.66877571666667,113.956
2019-12-18 06:00:00,86.67877636666668,113.709
2019-12-18 12:00:00,86.68022420000001,113.537
2019-12-18 18:00:00,86.68020258333334,113.352
2019-12-19 00:00:00,86.68020523333334,113.192
2019-12-19 06:00:00,86.68015015,113.059
2019-12-19 12:00:00,86.67806936666666,112.952
2019-12-19 18:00:00,86.67738631666668,112.842
2019-12-20 00:00:00,86.67593918333333,112.736
2019-12-20 06:00:00,86.6786464,112.647
2019-12-20 12:00:00,86.6800763,112.573
2019-12-20 18:00:00,86.68423548333334,112.511
2019-12-21 00:00:00,86.68580685,112.457
2019-12-21 06:00:00,86.68860688333334,112.415
2019-12-21 12:00:00,86.68715999999999,112.401
2019-12-21 18:00:00,86.68592486666668,112.405
2019-12-22 00:00:00,86.68095355,112.466
2019-12-22 06:00:00,86.67718526666668,112.559
2019-12-22 12:00:00,86.67078828333334,112.646
2019-12-22 18:00:00,86.66621216666668,112.751
2019-12-23 00:00:00,86.65534053333332,112.901
2019-12-23 06:00:00,86.64751875,113.032
2019-12-23 12:00:00,86.63978751666669,113.165
2019-12-23 18:00:00,86.63437541666669,113.293
2019-12-24 00:00:00,86.6292673,113.475
2019-12-24 06:00:00,86.62672205,113.685
2019-12-24 12:00:00,86.62352516666668,113.931
2019-12-24 18:00:00,86.62220411666668,114.194
2019-12-25 00:00:00,86.62134843333334,114.478
2019-12-25 06:00:00,86.62251468333334,114.745
2019-12-25 12:00:00,86.62469751666669,115.007
2019-12-25 18:00:00,86.62894686666668,115.21
2019-12-26 00:00:00,86.63818911666668,115.436
2019-12-26 06:00:00,86.64622170000001,115.673
2019-12-26 12:00:00,86.65363628333333,115.889
2019-12-26 18:00:00,86.66212118333334,115.964
2019-12-27 00:00:00,86.67224113333332,115.999
2019-12-27 06:00:00,86.67580743333332,115.998
2019-12-27 12:00:00,86.67879713333332,115.947
2019-12-27 18:00:00,86.67863888333332,115.907
2019-12-28 00:00:00,86.67970088333334,115.852
2019-12-28 06:00:00,86.67601861666668,115.779
2019-12-28 12:00:00,86.67305658333332,115.712
2019-12-28 18:00:00,86.666386,115.671
2019-12-29 00:00:00,86.66076059999999,115.646
2019-12-29 06:00:00,86.65267555,115.704
2019-12-29 12:00:00,86.64379355,115.816
2019-12-29 18:00:00,86.63201521666667,115.978
2019-12-30 00:00:00,86.62073818333332,116.157
2019-12-30 06:00:00,86.61010203333332,116.515
2019-12-30 12:00:00,86.59639413333332,116.864
2019-12-30 18:00:00,86.58194578333334,117.272
2019-12-31 00:00:00,86.57652420000001,117.57
2019-12-31 06:00:00,86.5799052,117.788
2019-12-31 12:00:00,86.59101283333334,117.887
2019-12-31 18:00:00,86.61095321666667,118.01
2020-01-01 00:00:00,86.6373801,118.068
2020-01-01 06:00:00,86.67000641666668,118.085
2020-01-01 12:00:00,86.70505678333332,117.943
2020-01-01 18:00:00,86.73582395,117.694
2020-01-02 00:00:00,86.76428745,117.317
2020-01-02 06:00:00,86.7956683,116.978
2020-01-02 12:00:00,86.82618295,116.579
2020-01-02 18:00:00,86.85342766666666,116.183
2020-01-03 00:00:00,86.87565776666666,115.788
2020-01-03 06:00:00,86.89697326666666,115.742
2020-01-03 12:00:00,86.91462848333332,115.694
2020-01-03 18:00:00,86.93643061666668,115.656
2020-01-04 00:00:00,86.95934253333333,115.51
2020-01-04 06:00:00,86.98632265,115.452
2020-01-04 12:00:00,87.00672116666668,115.394
2020-01-04 18:00:00,87.02760851666666,115.371
2020-01-05 00:00:00,87.04298808333333,115.323
2020-01-05 06:00:00,87.0588911,115.301
2020-01-05 12:00:00,87.06959559999999,115.317
2020-01-05 18:00:00,87.08159153333334,115.345
2020-01-06 00:00:00,87.09016553333332,115.324
2020-01-06 06:00:00,87.09819288333334,115.263
2020-01-06 12:00:00,87.10339718333331,115.168
2020-01-06 18:00:00,87.10850853333334,115.065
2020-01-07 00:00:00,87.11277473333334,114.967
2020-01-07 06:00:00,87.12037866666668,114.933
2020-01-07 12:00:00,87.12036753333334,114.971
2020-01-07 18:00:00,87.11794216666668,115.064
2020-01-08 00:00:00,87.11363203333332,115.166
2020-01-08 06:00:00,87.11095329999999,115.223
2020-01-08 12:00:00,87.11307868333333,115.182
2020-01-08 18:00:00,87.11903636666666,115.056
2020-01-09 00:00:00,87.12720093333333,114.868
2020-01-09 06:00:00,87.13529185,114.575
2020-01-09 12:00:00,87.14450500000001,114.235
2020-01-09 18:00:00,87.15434175,113.897
2020-01-10 00:00:00,87.16126638333333,113.554
2020-01-10 06:00:00,87.16712081666668,113.138
2020-01-10 12:00:00,87.1772634,112.725
2020-01-10 18:00:00,87.18681023333332,112.313
2020-01-11 00:00:00,87.19697246666668,111.893
2020-01-11 06:00:00,87.20888325,111.453
2020-01-11 12:00:00,87.22431803333332,111.048
2020-01-11 18:00:00,87.2399317,110.698
2020-01-12 00:00:00,87.25491586666666,110.298
2020-01-12 06:00:00,87.26528215,109.84
2020-01-12 12:00:00,87.2758735,109.378
2020-01-12 18:00:00,87.28454993333334,108.931
2020-01-13 00:00:00,87.29872983333334,108.362
2020-01-13 06:00:00,87.31547885,107.729
2020-01-13 12:00:00,87.33819556666668,107.029
2020-01-13 18:00:00,87.35722331666666,106.452
2020-01-14 00:00:00,87.37934165,105.874
2020-01-14 06:00:00,87.39741971666666,105.408
2020-01-14 12:00:00,87.41214431666668,104.971
2020-01-14 18:00:00,87.42257656666666,104.59
2020-01-15 00:00:00,87.43706996666668,104.202
2020-01-15 06:00:00,87.45495331666666,103.77
2020-01-15 12:00:00,87.47541523333334,103.207
2020-01-15 18:00:00,87.4986607,102.819
2020-01-16 00:00:00,87.52915801666668,102.499
2020-01-16 06:00:00,87.55230858333331,102.068
2020-01-16 12:00:00,87.56267571666666,101.518
2020-01-16 18:00:00,87.56201555,100.918
2020-01-17 00:00:00,87.55491283333332,100.251
2020-01-17 06:00:00,87.5337545,99.6675
2020-01-17 12:00:00,87.49916836666668,99.2134
2020-01-17 18:00:00,87.46758191666666,98.8068
2020-01-18 00:00:00,87.43955975,98.4949
2020-01-18 06:00:00,87.41678711666668,98.3138
2020-01-18 12:00:00,87.40180861666668,98.2797
2020-01-18 18:00:00,87.39412006666667,98.3524
2020-01-19 00:00:00,87.391277,98.3982
2020-01-19 06:00:00,87.39442543333334,98.4407
2020-01-19 12:00:00,87.39943866666668,98.3826
2020-01-19 18:00:00,87.40875798333332,98.1953
2020-01-20 00:00:00,87.42217575,97.926
2020-01-20 06:00:00,87.43778313333334,97.6435
2020-01-20 12:00:00,87.45143411666666,97.385
2020-01-20 18:00:00,87.46500356666668,97.1053
2020-01-21 00:00:00,87.47636176666668,96.8002
2020-01-21 06:00:00,87.48518259999999,96.4592
2020-01-21 12:00:00,87.48886209999999,96.0974
2020-01-21 18:00:00,87.49030396666667,95.7403
2020-01-22 00:00:00,87.48747611666668,95.418
2020-01-22 06:00:00,87.48219926666668,95.1283
2020-01-22 12:00:00,87.47599651666668,94.8903
2020-01-22 18:00:00,87.46780341666668,94.6559
2020-01-23 00:00:00,87.45802021666668,94.4103
2020-01-23 06:00:00,87.44906929999999,94.1643
2020-01-23 12:00:00,87.44020818333334,93.9423
2020-01-23 18:00:00,87.43253518333331,93.7109
2020-01-24 00:00:00,87.42730091666668,93.4332
2020-01-24 06:00:00,87.4239387,93.238
2020-01-24 12:00:00,87.41975153333334,93.0909
2020-01-24 18:00:00,87.41368463333332,92.9695
2020-01-25 00:00:00,87.40909848333334,92.8809
2020-01-25 06:00:00,87.40543311666669,92.833
2020-01-25 12:00:00,87.40307213333334,92.8209
2020-01-25 18:00:00,87.40175116666668,92.9222
2020-01-26 00:00:00,87.40473261666666,93.0592
2020-01-26 06:00:00,87.40955756666666,93.3202
2020-01-26 12:00:00,87.41614313333334,93.7768
2020-01-26 18:00:00,87.42267840000001,94.3952
2020-01-27 00:00:00,87.43326585,95.032
2020-01-27 06:00:00,87.44366185,95.5393
2020-01-27 12:00:00,87.44790505,95.7882
2020-01-27 18:00:00,87.44747085,95.8936
2020-01-28 00:00:00,87.44926836666669,95.8932
2020-01-28 06:00:00,87.45170348333332,95.8362
2020-01-28 12:00:00,87.45558708333333,95.7349
2020-01-28 18:00:00,87.46182473333332,95.6269
2020-01-29 00:00:00,87.46797338333332,95.4053
2020-01-29 06:00:00,87.4704959,95.2347
2020-01-29 12:00:00,87.47197656666668,95.1582
2020-01-29 18:00:00,87.47270501666668,95.3521
2020-01-30 00:00:00,87.47759346666666,95.7684
2020-01-30 06:00:00,87.47829875,96.2234
2020-01-30 12:00:00,87.45565479999999,96.5403
2020-01-30 18:00:00,87.43415443333332,96.4985
2020-01-31 00:00:00,87.42854455,96.4643
2020-01-31 06:00:00,87.43627551666668,96.4864
2020-01-31 12:00:00,87.46338581666667,96.3374
2020-01-31 18:00:00,87.48671855,96.3057
2020-02-01 00:00:00,87.49701983333334,96.3917
2020-02-01 06:00:00,87.45557055,96.1747
2020-02-01 12:00:00,87.39244421666666,95.6593
2020-02-01 18:00:00,87.35715083333334,95.8661
2020-02-02 00:00:00,87.33923233333331,95.6849
2020-02-02 06:00:00,87.34446640000002,95.4859
2020-02-02 12:00:00,87.35144801666668,94.722
2020-02-02 18:00:00,87.35851388333332,94.2199
2020-02-03 00:00:00,87.37892409999999,93.5611
2020-02-03 06:00:00,87.40705030000001,93.2009
2020-02-03 12:00:00,87.42333571666668,93.4755
2020-02-03 18:00:00,87.43950613333334,94.043
2020-02-04 00:00:00,87.45202583333334,94.55
2020-02-04 06:00:00,87.46829181666666,95.0851
2020-02-04 12:00:00,87.47992195,95.3229
2020-02-04 18:00:00,87.4958791,95.3499
2020-02-05 00:00:00,87.50935605,95.2723
2020-02-05 06:00:00,87.52976140000001,95.1042
2020-02-05 12:00:00,87.54697021666668,94.8146
2020-02-05 18:00:00,87.56774815,94.4643
2020-02-06 00:00:00,87.58110621666668,94.2989
2020-02-06 06:00:00,87.59577518333332,94.0792
2020-02-06 12:00:00,87.61070288333332,93.9627
2020-02-06 18:00:00,87.62223253333332,93.8417
2020-02-07 00:00:00,87.62868661666668,93.7761
2020-02-07 06:00:00,87.6357331,93.7503
2020-02-07 12:00:00,87.64153908333333,93.7851
2020-02-07 18:00:00,87.64792636666668,93.8386
2020-02-08 00:00:00,87.65553438333332,93.8833
2020-02-08 06:00:00,87.66609976666666,93.8783
2020-02-08 12:00:00,87.67665488333333,93.7924
2020-02-08 18:00:00,87.69169495,93.6358
2020-02-09 00:00:00,87.70587953333332,93.4416
2020-02-09 06:00:00,87.71873735,93.197
2020-02-09 12:00:00,87.73280255,92.9222
2020-02-09 18:00:00,87.74647593333331,92.6422
2020-02-10 00:00:00,87.76325425,92.3111
2020-02-10 06:00:00,87.77650071666666,92.049
2020-02-10 12:00:00,87.78932065,91.7073
2020-02-10 18:00:00,87.798212,91.3659
2020-02-11 00:00:00,87.80929948333332,90.8763
2020-02-11 06:00:00,87.81723135,90.4104
2020-02-11 12:00:00,87.82417575,89.7944
2020-02-11 18:00:00,87.83156636666666,89.2533
2020-02-12 00:00:00,87.84441755,88.6283
2020-02-12 06:00:00,87.85945531666668,88.0739
2020-02-12 12:00:00,87.88087938333334,87.4348
2020-02-12 18:00:00,87.9053057,86.8557
2020-02-13 00:00:00,87.92687885,86.0155
2020-02-13 06:00:00,87.94835445,85.141
2020-02-13 12:00:00,87.96849263333333,83.9774
2020-02-13 18:00:00,87.98157931666668,82.7849
2020-02-14 00:00:00,87.99813955,81.6834
2020-02-14 06:00:00,88.01350918333333,80.8682
2020-02-14 12:00:00,88.02898931666668,80.3016
2020-02-14 18:00:00,88.04700621666667,80.1125
2020-02-15 00:00:00,88.06137171666668,80.0095
2020-02-15 06:00:00,88.06908713333333,79.9089
2020-02-15 12:00:00,88.06840891666668,79.7957
2020-02-15 18:00:00,88.06762629999999,79.76
2020-02-16 00:00:00,88.06710175,79.7336
2020-02-16 06:00:00,88.06639835,79.7213
2020-02-16 12:00:00,88.06650443333334,79.7448
2020-02-16 18:00:00,88.06608508333332,79.7021
2020-02-17 00:00:00,88.0692868,79.582
2020-02-17 06:00:00,88.07211346666666,79.2748
2020-02-17 12:00:00,88.07358071666668,78.8463
2020-02-17 18:00:00,88.07568556666666,78.3903
2020-02-18 00:00:00,88.08033506666666,78.0588
2020-02-18 06:00:00,88.08936958333334,77.7425
2020-02-18 12:00:00,88.11229676666666,77.0519
2020-02-18 18:00:00,88.14310968333334,76.3173
2020-02-19 00:00:00,88.17820691666668,75.5263
2020-02-19 06:00:00,88.21831838333334,74.373
2020-02-19 12:00:00,88.26267486666669,73.0219
2020-02-19 18:00:00,88.30071070000001,71.7953
2020-02-20 00:00:00,88.33319381666666,70.6431
2020-02-20 06:00:00,88.36137036666666,69.5774
2020-02-20 12:00:00,88.38950338333332,68.6454
2020-02-20 18:00:00,88.42301313333333,68.1725
2020-02-21 00:00:00,88.44839536666667,67.6194
2020-02-21 06:00:00,88.47636215,66.9996
2020-02-21 12:00:00,88.5034503,66.4289
2020-02-21 18:00:00,88.52999498333334,65.9943
2020-02-22 00:00:00,88.55452276666666,65.51
2020-02-22 06:00:00,88.5699866,65.0139
2020-02-22 12:00:00,88.57721246666668,64.541
2020-02-22 18:00:00,88.57639731666669,64.1149
2020-02-23 00:00:00,88.57634985,63.2376
2020-02-23 06:00:00,88.58189426666668,62.3181
2020-02-23 12:00:00,88.59241125,61.2767
2020-02-23 18:00:00,88.59771376666669,60.1069
2020-02-24 00:00:00,88.59771636666666,58.5905
2020-02-24 06:00:00,88.59262968333331,56.7356
2020-02-24 12:00:00,88.58845121666668,54.4103
2020-02-24 18:00:00,88.58359258333331,52.1972
2020-02-25 00:00:00,88.57786068333333,49.9631
2020-02-25 06:00:00,88.57038433333334,47.8119
2020-02-25 12:00:00,88.56068135,45.7784
2020-02-25 18:00:00,88.54618228333334,44.1115
2020-02-26 00:00:00,88.52699978333334,42.5706
2020-02-26 06:00:00,88.50843233333332,41.2396
2020-02-26 12:00:00,88.48878658333334,40.0364
2020-02-26 18:00:00,88.46891965,39.0724
2020-02-27 00:00:00,88.44888865,38.1819
2020-02-27 06:00:00,88.42937023333332,37.4349
2020-02-27 12:00:00,88.41031245,36.6968
2020-02-27 18:00:00,88.39326411666669,35.9139
2020-02-28 00:00:00,88.37579056666668,35.1282
2020-02-28 06:00:00,88.35929728333332,34.4502
2020-02-28 12:00:00,88.34211540000001,33.8488
2020-02-28 18:00:00,88.3260023,33.3382
2020-02-29 00:00:00,88.30841623333332,32.8089
2020-02-29 06:00:00,88.29162871666666,32.2917
2020-02-29 12:00:00,88.27512678333332,31.8853
2020-02-29 18:00:00,88.25926496666666,31.6211
2020-03-01 00:00:00,88.24453506666669,31.5011
2020-03-01 06:00:00,88.23111293333334,31.4237
2020-03-01 12:00:00,88.22141458333333,31.4047
2020-03-01 18:00:00,88.21339123333334,31.3819
2020-03-02 00:00:00,88.20584353333334,31.3459
2020-03-02 06:00:00,88.19713613333332,31.2145
2020-03-02 12:00:00,88.18574815,31.0714
2020-03-02 18:00:00,88.17323398333332,30.8771
2020-03-03 00:00:00,88.1592916,30.7421
2020-03-03 06:00:00,88.14557288333332,30.5815
2020-03-03 12:00:00,88.13330611666666,30.5017
2020-03-03 18:00:00,88.12124748333332,30.4183
2020-03-04 00:00:00,88.11145608333334,30.3956
2020-03-04 06:00:00,88.10310001666667,30.3956
2020-03-04 12:00:00,88.09575583333331,30.5069
2020-03-04 18:00:00,88.09240193333332,30.6143
2020-03-05 00:00:00,88.09004853333332,30.7536
2020-03-05 06:00:00,88.09062113333331,30.8078
2020-03-05 12:00:00,88.09316435,30.8231
2020-03-05 18:00:00,88.09601590000001,30.7601
2020-03-06 00:00:00,88.0997907,30.5925
2020-03-06 06:00:00,88.10074063333332,30.2219
2020-03-06 12:00:00,88.10076851666666,29.5251
2020-03-06 18:00:00,88.09552011666666,28.7696
2020-03-07 00:00:00,88.08749861666666,28.0589
2020-03-07 06:00:00,88.07812559999999,27.3541
2020-03-07 12:00:00,88.06711118333334,26.7566
2020-03-07 18:00:00,88.05577406666669,26.2275
2020-03-08 00:00:00,88.0431561,25.7737
2020-03-08 06:00:00,88.02931551666668,25.3608
2020-03-08 12:00:00,88.0132995,25.0302
2020-03-08 18:00:00,87.99255568333334,24.7337
2020-03-09 00:00:00,87.96354570000001,24.4242
2020-03-09 06:00:00,87.9276145,24.1601
2020-03-09 12:00:00,87.88899948333334,24.0177
2020-03-09 18:00:00,87.85110808333332,24.0252
2020-03-10 00:00:00,87.81306428333332,24.1582
2020-03-10 06:00:00,87.77644211666669,24.4156
2020-03-10 12:00:00,87.73952596666666,24.6804
2020-03-10 18:00:00,87.70833826666669,24.9615
2020-03-11 00:00:00,87.68730323333334,25.0926
2020-03-11 06:00:00,87.67777423333334,24.8484
2020-03-11 12:00:00,87.66695518333331,24.3696
2020-03-11 18:00:00,87.64401253333334,23.7838
2020-03-12 00:00:00,87.61240526666668,23.0511
2020-03-12 06:00:00,87.57268406666668,22.2298
2020-03-12 12:00:00,87.52607038333332,21.448
2020-03-12 18:00:00,87.47841481666669,20.6836
2020-03-13 00:00:00,87.42610598333331,20.0277
2020-03-13 06:00:00,87.36479706666668,19.401
2020-03-13 12:00:00,87.30661635,18.8573
2020-03-13 18:00:00,87.24473936666666,18.3082
2020-03-14 00:00:00,87.19004746666668,17.8403
2020-03-14 06:00:00,87.15117316666668,17.4739
2020-03-14 12:00:00,87.13401543333332,17.173
2020-03-14 18:00:00,87.12022781666668,16.9233
2020-03-15 00:00:00,87.11130918333332,16.599
2020-03-15 06:00:00,87.09643381666666,16.1869
2020-03-15 12:00:00,87.0656359,15.2675
2020-03-15 18:00:00,87.02943301666667,14.2781
2020-03-16 00:00:00,86.98210388333334,13.5904
2020-03-16 06:00:00,86.93910811666667,13.1061
2020-03-16 12:00:00,86.8954875,12.8466
2020-03-16 18:00:00,86.85950413333332,12.6562
2020-03-17 00:00:00,86.82812213333334,12.5558
2020-03-17 06:00:00,86.80360768333334,12.4102
2020-03-17 12:00:00,86.78049211666666,12.3154
2020-03-17 18:00:00,86.75992791666668,12.2032
2020-03-18 00:00:00,86.73634961666669,12.1567
2020-03-18 06:00:00,86.71395466666668,12.1158
2020-03-18 12:00:00,86.68977235,12.1382
2020-03-18 18:00:00,86.66673426666668,12.1327
2020-03-19 00:00:00,86.63289778333332,12.3475
2020-03-19 06:00:00,86.58991326666668,12.8517
2020-03-19 12:00:00,86.53902228333334,13.3125
2020-03-19 18:00:00,86.48248736666666,13.8081
2020-03-20 00:00:00,86.42501426666666,14.2786
2020-03-20 06:00:00,86.37391113333334,14.6297
2020-03-20 12:00:00,86.32989603333333,14.7939
2020-03-20 18:00:00,86.30223391666668,14.8547
2020-03-21 00:00:00,86.27900179999999,14.9974
2020-03-21 06:00:00,86.26746766666666,15.1214
2020-03-21 12:00:00,86.25669515,15.2547
2020-03-21 18:00:00,86.24842188333334,15.4112
2020-03-22 00:00:00,86.23839841666668,15.5472
2020-03-22 06:00:00,86.23168681666668,15.6598
2020-03-22 12:00:00,86.22714745,15.7251
2020-03-22 18:00:00,86.225042,15.8052
2020-03-23 00:00:00,86.22077065,15.8331
2020-03-23 06:00:00,86.21608238333332,15.819
2020-03-23 12:00:00,86.211241,15.8115
2020-03-23 18:00:00,86.20792473333331,15.794
2020-03-24 00:00:00,86.20250906666666,15.729
2020-03-24 06:00:00,86.1981453,15.6819
2020-03-24 12:00:00,86.19184828333331,15.543
2020-03-24 18:00:00,86.18221468333331,15.304
2020-03-25 00:00:00,86.16245331666669,14.9328
2020-03-25 06:00:00,86.13809386666668,14.4637
2020-03-25 12:00:00,86.11163921666666,13.9381
2020-03-25 18:00:00,86.08534015,13.5573
2020-03-26 00:00:00,86.05754921666669,13.296
2020-03-26 06:00:00,86.03046295,13.1602
2020-03-26 12:00:00,85.99863831666669,13.0905
2020-03-26 18:00:00,85.96442435,13.1064
2020-03-27 00:00:00,85.92415125,13.1612
2020-03-27 06:00:00,85.88161881666667,13.2498
2020-03-27 12:00:00,85.83061843333333,13.38
2020-03-27 18:00:00,85.76908463333334,13.4498
2020-03-28 00:00:00,85.70324601666667,13.4493
2020-03-28 06:00:00,85.64743121666666,13.3842
2020-03-28 12:00:00,85.59060511666667,13.2615
2020-03-28 18:00:00,85.54177608333333,13.2301
2020-03-29 00:00:00,85.49739033333333,13.2334
2020-03-29 06:00:00,85.45951026666667,13.2415
2020-03-29 12:00:00,85.4253828,13.2103
2020-03-29 18:00:00,85.39797075,13.1749
2020-03-30 00:00:00,85.3842357,13.1619
2020-03-30 06:00:00,85.3794337,13.1691
2020-03-30 12:00:00,85.37591073333333,13.2089
2020-03-30 18:00:00,85.3686111,13.3157
2020-03-31 00:00:00,85.35253605,13.4713
2020-03-31 06:00:00,85.32907075,13.7098
2020-03-31 12:00:00,85.29741130000001,14.059
2020-03-31 18:00:00,85.2547429,14.4458
2020-04-01 00:00:00,85.20838366666666,14.9493
2020-04-01 06:00:00,85.16061248333334,15.3366
2020-04-01 12:00:00,85.11339841666667,15.5192
2020-04-01 18:00:00,85.06818921666667,15.5159
2020-04-02 00:00:00,85.03041431666666,15.4557
2020-04-02 06:00:00,84.98955405,15.2124
2020-04-02 12:00:00,84.94623991666667,14.9869
2020-04-02 18:00:00,84.90287578333333,14.6001
2020-04-03 00:00:00,84.85829823333333,14.2311
2020-04-03 06:00:00,84.81626811666666,13.8066
2020-04-03 12:00:00,84.78888178333334,13.4849
2020-04-03 18:00:00,84.7623283,13.1716
2020-04-04 00:00:00,84.72698050000001,13.0354
2020-04-04 06:00:00,84.69083818333333,12.9111
2020-04-04 12:00:00,84.6604312,12.9076
2020-04-04 18:00:00,84.62980351666667,12.9744
2020-04-05 00:00:00,84.60396145,13.0698
2020-04-05 06:00:00,84.58744946666667,13.1924
2020-04-05 12:00:00,84.57820255,13.4252
2020-04-05 18:00:00,84.57043541666667,13.7138
2020-04-06 00:00:00,84.55743358333334,13.9403
2020-04-06 06:00:00,84.54497059999998,14.1392
2020-04-06 12:00:00,84.53391223333334,14.3138
2020-04-06 18:00:00,84.52264045,14.4454
2020-04-07 00:00:00,84.50948575,14.4778
2020-04-07 06:00:00,84.50439848333333,14.5372
2020-04-07 12:00:00,84.4989368,14.5412
2020-04-07 18:00:00,84.49587886666667,14.5514
2020-04-08 00:00:00,84.4878548,14.5479
2020-04-08 06:00:00,84.48427155,14.6117
2020-04-08 12:00:00,84.47856766666666,14.6973
2020-04-08 18:00:00,84.46974338333334,14.8121
2020-04-09 00:00:00,84.45609470000001,14.8441
2020-04-09 06:00:00,84.44434755,14.8581
2020-04-09 12:00:00,84.42828588333333,14.7945
2020-04-09 18:00:00,84.41811938333333,14.7576
2020-04-10 00:00:00,84.40204111666667,14.6744
2020-04-10 06:00:00,84.394726,14.6562
2020-04-10 12:00:00,84.37906668333333,14.6257
2020-04-10 18:00:00,84.36586875,14.6509
2020-04-11 00:00:00,84.35064745,14.6773
2020-04-11 06:00:00,84.33636356666666,14.7377
2020-04-11 12:00:00,84.32274965,14.7434
2020-04-11 18:00:00,84.30822338333333,14.7329
2020-04-12 00:00:00,84.2971896,14.7088
2020-04-12 06:00:00,84.29389963333334,14.727
2020-04-12 12:00:00,84.29138948333333,14.7491
2020-04-12 18:00:00,84.28910023333333,14.7931
2020-04-13 00:00:00,84.28940585,14.8203
2020-04-13 06:00:00,84.29051241666667,14.8873
2020-04-13 12:00:00,84.29344428333333,14.9626
2020-04-13 18:00:00,84.29856935,14.9937
2020-04-14 00:00:00,84.31029541666666,14.976
2020-04-14 06:00:00,84.32514428333333,14.874
2020-04-14 12:00:00,84.3395057,14.6561
2020-04-14 18:00:00,84.33887758333333,14.4183
2020-04-15 00:00:00,84.33214311666667,14.2413
2020-04-15 06:00:00,84.32693116666667,14.064
2020-04-15 12:00:00,84.3265326,13.8922
2020-04-15 18:00:00,84.31907033333333,13.6776
2020-04-16 00:00:00,84.30563261666667,13.4764
2020-04-16 06:00:00,84.30827968333334,13.1957
2020-04-16 12:00:00,84.33553156666666,13.0932
2020-04-16 18:00:00,84.36621706666666,13.1177
2020-04-17 00:00:00,84.39950903333333,13.3477
2020-04-17 06:00:00,84.4124037,13.6281
2020-04-17 12:00:00,84.41693888333333,13.6917
2020-04-17 18:00:00,84.42748905,13.7604
2020-04-18 00:00:00,84.43433531666666,13.771
2020-04-18 06:00:00,84.4491571,13.8079
2020-04-18 12:00:00,84.47386473333333,13.8597
2020-04-18 18:00:00,84.50552308333333,14.0608
2020-04-19 00:00:00,84.53787645,14.3155
2020-04-19 06:00:00,84.56601286666667,14.575
2020-04-19 12:00:00,84.59004379999999,14.7288
2020-04-19 18:00:00,84.60401943333333,14.7684
2020-04-20 00:00:00,84.60504216666666,14.7166
2020-04-20 06:00:00,84.58379491666666,14.6584
2020-04-20 12:00:00,84.53688896666667,14.5799
2020-04-20 18:00:00,84.47415840000001,14.6289
2020-04-21 00:00:00,84.41106368333334,14.8031
2020-04-21 06:00:00,84.35234956666666,15.0534
2020-04-21 12:00:00,84.29203881666666,15.2396
2020-04-21 18:00:00,84.23599963333334,15.4818
2020-04-22 00:00:00,84.18680633333334,15.6419
2020-04-22 06:00:00,84.15098565,15.8473
2020-04-22 12:00:00,84.12014163333333,15.9411
2020-04-22 18:00:00,84.09926333333334,16.0387
2020-04-23 00:00:00,84.08758808333333,16.0311
2020-04-23 06:00:00,84.07969405,16.065
2020-04-23 12:00:00,84.07249371666667,16.0309
2020-04-23 18:00:00,84.06908611666667,16.0359
2020-04-24 00:00:00,84.06351843333333,15.9825
2020-04-24 06:00:00,84.06234045,15.9844
2020-04-24 12:00:00,84.05319286666666,15.8992
2020-04-24 18:00:00,84.04415936666666,15.8474
2020-04-25 00:00:00,84.0334965,15.7396
2020-04-25 06:00:00,84.02296146666667,15.6639
2020-04-25 12:00:00,84.00046409999999,15.5906
2020-04-25 18:00:00,83.97695155,15.5675
2020-04-26 00:00:00,83.95645263333333,15.5137
2020-04-26 06:00:00,83.94165846666667,15.5168
2020-04-26 12:00:00,83.92619936666667,15.5094
2020-04-26 18:00:00,83.91715376666667,15.5265
2020-04-27 00:00:00,83.91371409999998,15.541
2020-04-27 06:00:00,83.91982321666667,15.6051
2020-04-27 12:00:00,83.93361143333334,15.6357
2020-04-27 18:00:00,83.95688581666667,15.745
2020-04-28 00:00:00,83.98519353333333,15.9274
2020-04-28 06:00:00,84.01411523333333,16.2172
2020-04-28 12:00:00,84.03637823333334,16.5123
2020-04-28 18:00:00,84.04195849999999,16.8197
2020-04-29 00:00:00,84.03577733333333,17.0392
2020-04-29 06:00:00,84.02808791666666,17.1846
2020-04-29 12:00:00,84.00891563333333,17.2427
2020-04-29 18:00:00,83.98102456666666,17.2224
2020-04-30 00:00:00,83.9591024,17.3
2020-04-30 06:00:00,83.94414378333333,17.3765
2020-04-30 12:00:00,83.93283873333333,17.492
2020-04-30 18:00:00,83.92241108333333,17.5586
2020-05-01 00:00:00,83.91648091666667,17.6293
2020-05-01 06:00:00,83.91590323333334,17.6645
2020-05-01 12:00:00,83.92017413333333,17.6843
2020-05-01 18:00:00,83.92241999999999,17.6158
2020-05-02 00:00:00,83.91738825,17.5895
2020-05-02 06:00:00,83.91222843333334,17.5578
2020-05-02 12:00:00,83.90284208333334,17.5712
2020-05-02 18:00:00,83.89415763333334,17.5874
2020-05-03 00:00:00,83.88639586666666,17.6733
2020-05-03 06:00:00,83.88410501666667,17.7686
2020-05-03 12:00:00,83.88533165,17.9428
2020-05-03 18:00:00,83.88741329999999,18.106
2020-05-04 00:00:00,83.88789175,18.226
2020-05-04 06:00:00,83.89470511666667,18.3061
2020-05-04 12:00:00,83.90637951666666,18.3492
2020-05-04 18:00:00,83.91776283333333,18.3279
2020-05-05 00:00:00,83.92121448333333,18.2878
2020-05-05 06:00:00,83.92359056666666,18.2168
2020-05-05 12:00:00,83.92167436666666,18.1008
2020-05-05 18:00:00,83.91524818333333,17.9777
2020-05-06 00:00:00,83.9103905,17.8669
2020-05-06 06:00:00,83.91099126666667,17.7908
2020-05-06 12:00:00,83.92089490000001,17.6814
2020-05-06 18:00:00,83.93248501666666,17.5374
2020-05-07 00:00:00,83.93934693333334,17.322
2020-05-07 06:00:00,83.93824573333333,17.0479
2020-05-07 12:00:00,83.933488,16.6743
2020-05-07 18:00:00,83.92277688333333,16.3138
2020-05-08 00:00:00,83.90260883333333,15.9634
2020-05-08 06:00:00,83.87749956666667,15.6342
2020-05-08 12:00:00,83.85197298333334,15.2089
2020-05-08 18:00:00,83.83798145,14.8264
2020-05-09 00:00:00,83.81973613333334,14.4603
2020-05-09 06:00:00,83.79687846666667,14.1954
2020-05-09 12:00:00,83.77104738333334,13.969
2020-05-09 18:00:00,83.74402811666667,13.8612
2020-05-10 00:00:00,83.71757666666667,13.7123
2020-05-10 06:00:00,83.69386063333333,13.6362
2020-05-10 12:00:00,83.65933566666666,13.4668
2020-05-10 18:00:00,83.61979443333334,13.3299
2020-05-11 00:00:00,83.580841,13.192
2020-05-11 06:00:00,83.54201108333334,13.1464
2020-05-11 12:00:00,83.4970778,13.1136
2020-05-11 18:00:00,83.45680866666666,13.0755
2020-05-12 00:00:00,83.43280245,12.9965
2020-05-12 06:00:00,83.42107179999998,12.9117
2020-05-12 12:00:00,83.42358241666666,12.6763
2020-05-12 18:00:00,83.41472631666667,12.354
2020-05-13 00:00:00,83.38562626666666,11.8381
2020-05-13 06:00:00,83.37135529999999,11.1152
2020-05-13 12:00:00,83.36972970000001,10.5424
2020-05-13 18:00:00,83.3682286,10.1931
2020-05-14 00:00:00,83.37914453333333,10.0752
2020-05-14 06:00:00,83.39073671666667,9.96013
2020-05-14 12:00:00,83.39230795,9.88465
2020-05-14 18:00:00,83.37991733333334,9.82614
2020-05-15 00:00:00,83.37398416666667,9.6718
2020-05-15 06:00:00,83.3816571,9.48757
2020-05-15 12:00:00,83.38947525,9.30566
2020-05-15 18:00:00,83.3926747,9.14868
2020-05-16 00:00:00,83.39226016666667,9.11292
2020-05-16 06:00:00,83.39203143333333,9.11024
2020-05-16 12:00:00,83.39139396666667,9.11009
2020-05-16 18:00:00,83.3882127,9.10532
2020-05-17 00:00:00,83.38682868333333,9.05985
2020-05-17 06:00:00,83.38388421666667,9.04766
2020-05-17 12:00:00,83.36945563333333,9.01597
2020-05-17 18:00:00,83.34272371666667,9.03618
2020-05-18 00:00:00,83.3510709,8.79604
2020-05-18 06:00:00,83.34204868333333,8.75115
2020-05-18 12:00:00,83.32438309999999,8.68873
2020-05-18 18:00:00,83.30754178333333,8.69905
2020-05-19 00:00:00,83.29101721666666,8.74611
2020-05-19 06:00:00,83.27900953333334,8.79429
2020-05-19 12:00:00,83.26592140000001,8.876
2020-05-19 18:00:00,83.24096025,9.05478
2020-05-20 00:00:00,83.20398371666667,9.46398
2020-05-20 06:00:00,83.20081361666666,9.64796
2020-05-20 12:00:00,83.1688695,10.0025
2020-05-20 18:00:00,83.08676025,10.33
2020-05-21 00:00:00,83.05845145,10.7865
2020-05-21 06:00:00,83.06483456666666,10.9952
2020-05-21 12:00:00,82.97636358333334,11.064
2020-05-21 18:00:00,82.97189391666667,11.4178
2020-05-22 00:00:00,82.95378068333333,11.6621
2020-05-22 06:00:00,82.95371856666667,11.6518
2020-05-22 12:00:00,82.92989248333333,11.6129
2020-05-22 18:00:00,82.90754688333334,11.3828
2020-05-23 00:00:00,82.87763078333333,11.0973
2020-05-23 06:00:00,82.82912258333333,11.0158
2020-05-23 12:00:00,82.79219358333333,10.5218
2020-05-23 18:00:00,82.77791648333333,10.4119
2020-05-24 00:00:00,82.75905891666666,10.2874
2020-05-24 06:00:00,82.73093850000001,10.3945
2020-05-24 12:00:00,82.72089703333333,10.2274
2020-05-24 18:00:00,82.71837316666667,10.1417
2020-05-25 00:00:00,82.7140683,10.0197
2020-05-25 06:00:00,82.71998909999999,9.90084
2020-05-25 12:00:00,82.65410256666667,8.86724
2020-05-25 18:00:00,82.4270675,8.26133
2020-05-26 00:00:00,82.41437086666667,8.13524
2020-05-26 06:00:00,82.4038294,8.12641
2020-05-26 12:00:00,82.31426176666666,8.17413
2020-05-26 18:00:00,82.31335303333333,8.16903
2020-05-27 00:00:00,82.34153858333333,8.16789
2020-05-27 06:00:00,82.37873061666667,8.28368
2020-05-27 12:00:00,82.39339943333333,8.34143
2020-05-27 18:00:00,82.39406176666667,8.33596
2020-05-28 00:00:00,82.39074455,8.28516
2020-05-28 06:00:00,82.38881590000001,8.30039
2020-05-28 12:00:00,82.37560033333334,8.35631
2020-05-28 18:00:00,82.30633581666666,8.94464
2020-05-29 00:00:00,82.28351963333333,9.09776
2020-05-29 06:00:00,82.2617172,9.20224
2020-05-29 12:00:00,82.20156096666666,9.12676
2020-05-29 18:00:00,82.11999463333333,9.15482
2020-05-30 00:00:00,82.03940411666666,9.13694
2020-05-30 06:00:00,81.96764445,9.32432
2020-05-30 12:00:00,81.93633578333333,9.44828
2020-05-30 18:00:00,81.92874231666667,9.52925
2020-05-31 00:00:00,81.84367076666666,9.79442
2020-05-31 06:00:00,81.80801965,9.84897
2020-05-31 12:00:00,81.72459068333333,9.91763
2020-05-31 18:00:00,81.63515221666667,9.6997
2020-06-01 00:00:00,81.3947564,9.88191
2020-06-01 06:00:00,81.35863738333333,9.87197
2020-06-01 12:00:00,81.35641623333333,9.91221
2020-06-01 18:00:00,81.29371575,9.80563
2020-06-02 00:00:00,81.2100542,9.671
2020-06-02 06:00:00,81.03998336666666,9.63372
2020-06-02 12:00:00,80.89860548333333,9.58822
2020-06-02 18:00:00,80.65259443333333,9.62183
2020-06-03 00:00:00,80.08435666666666,10.1861
2020-06-03 06:00:00,79.47683216666667,9.29602
2020-06-03 12:00:00,78.86263248333333,9.237
2020-06-03 18:00:00,78.24926091666667,10.3047
2020-06-04 00:00:00,78.11724205,12.6158
2020-06-04 06:00:00,78.24873215,15.5928
2020-06-04 12:00:00,78.23385803333333,15.6273
2020-06-04 18:00:00,78.23316028333333,15.6274
2020-06-05 00:00:00,78.23335436666666,15.6273
2020-06-05 06:00:00,78.23452806666667,15.6244
2020-06-05 12:00:00,78.23399483333333,15.6249
2020-06-05 18:00:00,78.23424291666667,15.6259
2020-06-06 00:00:00,78.23450075,15.6234
2020-06-06 06:00:00,78.23473498333334,15.6242
2020-06-06 12:00:00,78.23463398333334,15.6211
2020-06-06 18:00:00,78.23496033333333,15.6218
2020-06-07 00:00:00,78.2352312,15.6234
2020-06-07 06:00:00,78.23498571666667,15.62
2020-06-07 12:00:00,78.2357368,15.6185
2020-06-07 18:00:00,78.23547055,15.6169
2020-06-08 00:00:00,78.23569933333333,15.6174
2020-06-08 06:00:00,78.23506908333333,15.621
2020-06-08 12:00:00,78.23625626666667,15.6267
2020-06-08 18:00:00,78.11544448333333,12.8287
2020-06-09 00:00:00,78.68689198333334,9.54824
2020-06-09 06:00:00,79.74591190000001,9.12289
2020-06-09 12:00:00,80.42885491666667,10.4987
2020-06-09 18:00:00,80.69280616666667,10.7908
2020-06-10 00:00:00,80.90070021666666,10.9024
2020-06-10 06:00:00,80.98101188333334,10.9204
2020-06-10 12:00:00,81.05506821666667,10.9655
2020-06-10 18:00:00,81.19827231666666,10.598
2020-06-11 00:00:00,81.33058083333333,10.1539
2020-06-11 06:00:00,81.54571693333334,9.36868
2020-06-11 12:00:00,81.66606923333333,9.00867
2020-06-11 18:00:00,81.76364195,8.79767
2020-06-12 00:00:00,81.88283461666667,8.56194
2020-06-12 06:00:00,82.0376872,8.27094
2020-06-12 12:00:00,82.12402829999999,8.10686
2020-06-12 18:00:00,82.20831906666666,7.74846
2020-06-13 00:00:00,82.21826655,7.57688
2020-06-13 06:00:00,82.19038008333334,7.54776
2020-06-13 12:00:00,82.15563431666666,7.68234
2020-06-13 18:00:00,82.10632661666666,7.65606
2020-06-14 00:00:00,82.08432153333334,7.65152
2020-06-14 06:00:00,82.06574501666667,7.79672
2020-06-14 12:00:00,82.04373511666667,7.81602
2020-06-14 18:00:00,82.0203372,7.74679
2020-06-15 00:00:00,82.01074746666667,7.83244
2020-06-15 06:00:00,81.9939538,8.03173
2020-06-15 12:00:00,82.01341688333333,8.23044
2020-06-15 18:00:00,82.2063864,8.41283
2020-06-16 00:00:00,82.19582931666666,8.23103
2020-06-16 06:00:00,82.22677251666667,8.29457
2020-06-16 12:00:00,82.19441205,8.31264
2020-06-16 18:00:00,82.17430658333333,8.2716
2020-06-17 00:00:00,82.16150053333334,8.26688
2020-06-17 06:00:00,82.17206725,8.40273
2020-06-17 12:00:00,82.14450968333334,8.52067
2020-06-17 18:00:00,82.11997573333333,8.4268
2020-06-18 00:00:00,82.11094513333333,8.429
2020-06-18 06:00:00,82.09741675,8.5325
2020-06-18 12:00:00,82.07222328333333,8.53906
2020-06-18 18:00:00,82.04124820000001,8.47513
2020-06-19 00:00:00,82.03580433333333,8.4765
2020-06-19 06:00:00,82.03648595,8.63671
2020-06-19 12:00:00,82.02752108333334,8.74214
2020-06-19 18:00:00,82.02722378333333,8.80676
2020-06-20 00:00:00,82.03654406666666,8.90281
2020-06-20 06:00:00,82.04315185,9.09875
2020-06-20 12:00:00,82.02672826666667,9.15073
2020-06-20 18:00:00,82.01042698333333,9.00433
2020-06-21 00:00:00,82.01153065,8.99923
2020-06-21 06:00:00,82.01078958333333,9.16686
2020-06-21 12:00:00,81.98176528333333,9.18695
2020-06-21 18:00:00,81.96830675,9.0382
2020-06-22 00:00:00,81.9735004,9.06569
2020-06-22 06:00:00,81.98657168333334,9.27817
2020-06-22 12:00:00,81.9675804,9.32506
2020-06-22 18:00:00,81.96714016666667,9.20346
2020-06-23 00:00:00,81.98765066666667,9.2754
2020-06-23 06:00:00,82.01223913333334,9.59177
2020-06-23 12:00:00,81.99845931666667,9.69614
2020-06-23 18:00:00,81.99716721666667,9.61475
2020-06-24 00:00:00,82.02564165,9.63
2020-06-24 06:00:00,82.05073315,9.9292
2020-06-24 12:00:00,82.03614435,9.98958
2020-06-24 18:00:00,82.02660836666666,9.84127
2020-06-25 00:00:00,82.04783881666667,9.82581
2020-06-25 06:00:00,82.06650193333333,10.1183
2020-06-25 12:00:00,82.05278953333334,10.1797
2020-06-25 18:00:00,82.03123898333334,10.0066
2020-06-26 00:00:00,82.04307713333333,9.87893
2020-06-26 06:00:00,82.05312895,10.1032
2020-06-26 12:00:00,82.02591306666666,10.2132
2020-06-26 18:00:00,81.98529118333333,10.002
2020-06-27 00:00:00,81.97739355,9.78979
2020-06-27 06:00:00,81.97647803333334,9.8735
2020-06-27 12:00:00,81.94761783333334,9.88174
2020-06-27 18:00:00,81.91062791666667,9.71426
2020-06-28 00:00:00,81.90762190000001,9.48621
2020-06-28 06:00:00,81.9021552,9.51158
2020-06-28 12:00:00,81.8749958,9.47841
2020-06-28 18:00:00,81.83451121666667,9.30086
2020-06-29 00:00:00,81.83068348333333,9.15479
2020-06-29 06:00:00,81.83062463333333,9.17944
2020-06-29 12:00:00,81.82371366666666,9.14322
2020-06-29 18:00:00,81.80205886666667,8.99893
2020-06-30 00:00:00,81.80442191666667,8.90792
2020-06-30 06:00:00,81.80171575,8.97791
2020-06-30 12:00:00,81.79237025,8.97491
2020-06-30 18:00:00,81.77164683333334,8.88204
2020-07-01 00:00:00,81.7752055,8.81929
2020-07-01 06:00:00,81.77230801666667,8.89137
2020-07-01 12:00:00,81.76542075,8.86799
2020-07-01 18:00:00,81.75437485,8.77934
2020-07-02 00:00:00,81.75890305,8.69494
2020-07-02 06:00:00,81.75125701666667,8.63654
2020-07-02 12:00:00,81.72024859999999,8.45903
2020-07-02 18:00:00,81.69050886666666,8.23931
2020-07-03 00:00:00,81.69542535,8.00516
2020-07-03 06:00:00,81.68999311666667,7.8917
2020-07-03 12:00:00,81.67147320000001,7.51483
2020-07-03 18:00:00,81.6806054,7.22403
2020-07-04 00:00:00,81.6995195,6.99951
2020-07-04 06:00:00,81.71093231666667,6.94385
2020-07-04 12:00:00,81.70826273333333,6.70434
2020-07-04 18:00:00,81.7156026,6.61042
2020-07-05 00:00:00,81.72572586666666,6.52564
2020-07-05 06:00:00,81.72292801666667,6.52613
2020-07-05 12:00:00,81.69762221666667,6.24945
2020-07-05 18:00:00,81.68213495,5.95696
2020-07-06 00:00:00,81.6944239,5.70067
2020-07-06 06:00:00,81.7048843,5.65951
2020-07-06 12:00:00,81.68147445,5.40865
2020-07-06 18:00:00,81.67186535,5.13239
2020-07-07 00:00:00,81.66885845,4.84439
2020-07-07 06:00:00,81.67372615,4.77006
2020-07-07 12:00:00,81.63963906666666,4.513
2020-07-07 18:00:00,81.62641443333334,4.13156
2020-07-08 00:00:00,81.61728845,3.74981
2020-07-08 06:00:00,81.62336253333334,3.53114
2020-07-08 12:00:00,81.59639585,3.25001
2020-07-08 18:00:00,81.58250985,2.9355
2020-07-09 00:00:00,81.56196159999999,2.66747
2020-07-09 06:00:00,81.56000856666667,2.60451
2020-07-09 12:00:00,81.54230788333334,2.58201
2020-07-09 18:00:00,81.525826,2.53329
2020-07-10 00:00:00,81.51978233333334,2.39565
2020-07-10 06:00:00,81.52329928333333,2.40019
2020-07-10 12:00:00,81.5060173,2.36844
2020-07-10 18:00:00,81.48493008333334,2.20291
2020-07-11 00:00:00,81.47423426666667,1.95602
2020-07-11 06:00:00,81.4631332,1.78106
2020-07-11 12:00:00,81.44562968333334,1.53634
2020-07-11 18:00:00,81.45030601666667,1.20748
2020-07-12 00:00:00,81.44524723333333,0.84671
2020-07-12 06:00:00,81.45402541666667,0.60276
2020-07-12 12:00:00,81.4434628,0.49055
2020-07-12 18:00:00,81.44228495,0.4098
2020-07-13 00:00:00,81.43172481666667,0.32096
2020-07-13 06:00:00,81.42751211666666,0.29874
2020-07-13 12:00:00,81.41566828333333,0.29817
2020-07-13 18:00:00,81.40976366666666,0.2773
2020-07-14 00:00:00,81.40418776666667,0.22317
2020-07-14 06:00:00,81.39661391666667,0.2302
2020-07-14 12:00:00,81.37745518333334,0.25336
2020-07-14 18:00:00,81.35543863333334,0.28913
2020-07-15 00:00:00,81.33675955,0.27417
2020-07-15 06:00:00,81.31754231666666,0.32978
2020-07-15 12:00:00,81.29726303333334,0.31991
2020-07-15 18:00:00,81.28360390000002,0.32796
2020-07-16 00:00:00,81.26709121666667,0.3087
2020-07-16 06:00:00,81.2491935,0.30891
2020-07-16 12:00:00,81.22731216666666,0.28827
2020-07-16 18:00:00,81.20692036666667,0.2829
2020-07-17 00:00:00,81.18727945,0.28953
2020-07-17 06:00:00,81.17020666666667,0.35303
2020-07-17 12:00:00,81.14583415,0.35682
2020-07-17 18:00:00,81.12617595,0.36749
2020-07-18 00:00:00,81.10646191666666,0.38138
2020-07-18 06:00:00,81.08394731666667,0.44251
2020-07-18 12:00:00,81.0409934,0.43059
2020-07-18 18:00:00,80.99060675,0.29812
2020-07-19 00:00:00,80.95215338333334,0.17884
2020-07-19 06:00:00,80.9251726,0.01639
2020-07-19 12:00:00,80.88709871666667,-0.17500000000001137
2020-07-19 18:00:00,80.8565282,-0.32799999999997453
2020-07-20 00:00:00,80.81272428333334,-0.39999999999997726
2020-07-20 06:00:00,80.79081715,-0.4340000000000259
2020-07-20 12:00:00,80.75345229999999,-0.5040000000000191
2020-07-20 18:00:00,80.7249203,-0.5509999999999877
2020-07-21 00:00:00,80.67617093333334,-0.5249999999999773
2020-07-21 06:00:00,80.64483255,-0.5269999999999868
2020-07-21 12:00:00,80.60526873333333,-0.5729999999999791
2020-07-21 18:00:00,80.57374548333334,-0.6070000000000277
2020-07-22 00:00:00,80.52418353333333,-0.5840000000000032
2020-07-22 06:00:00,80.5149262,-0.5260000000000105
2020-07-22 12:00:00,80.47781881666667,-0.5570000000000164
2020-07-22 18:00:00,80.45486269999999,-0.5240000000000009
2020-07-23 00:00:00,80.39733105,-0.5099999999999909
2020-07-23 06:00:00,80.38998505,-0.5570000000000164
2020-07-23 12:00:00,80.34622309999999,-0.6429999999999723
2020-07-23 18:00:00,80.33007915,-0.7130000000000223
2020-07-24 00:00:00,80.2735239,-0.7069999999999936
2020-07-24 06:00:00,80.25498595,-0.660000000000025
2020-07-24 12:00:00,80.19283476666666,-0.5830000000000268
2020-07-24 18:00:00,80.15636553333333,-0.5450000000000159
2020-07-25 00:00:00,80.05086205,-0.39800000000002456
2020-07-25 06:00:00,80.00185055,-0.6329999999999814
2020-07-25 12:00:00,79.94195346666666,-0.77800000000002
2020-07-25 18:00:00,79.89422943333334,-1.1270000000000095
2020-07-26 00:00:00,79.84144248333334,-1.3489999999999895
2020-07-26 06:00:00,79.8314794,-1.6499999999999773
2020-07-26 12:00:00,79.79114555,-1.7620000000000005
2020-07-26 18:00:00,79.74850083333334,-1.9739999999999895
2020-07-27 00:00:00,79.6933941,-2.0299999999999727
2020-07-27 06:00:00,79.64548628333333,-2.2339999999999804
2020-07-27 12:00:00,79.58876995,-2.2959999999999923
2020-07-27 18:00:00,79.53030316666667,-2.5400000000000205
2020-07-28 00:00:00,79.47265751666667,-2.562000000000012
2020-07-28 06:00:00,79.4106239,-2.7350000000000136
2020-07-28 12:00:00,79.35974666666667,-2.6899999999999977
2020-07-28 18:00:00,79.29036533333333,-2.7350000000000136
2020-07-29 00:00:00,79.24645456666667,-2.6410000000000196
2020-07-29 06:00:00,79.20664323333334,-2.6650000000000205
2020-07-29 12:00:00,79.18601238333333,-2.5919999999999845
2020-07-29 18:00:00,79.17660201666666,-2.61099999999999
2020-07-30 00:00:00,79.14781851666666,-2.4979999999999905
2020-07-30 06:00:00,79.1166099,-2.545000000000016
2020-07-30 12:00:00,79.09789291666667,-2.434000000000026
2020-07-30 18:00:00,79.07732920000001,-2.555000000000007
2020-07-31 00:00:00,79.07545078333334,-2.5500000000000114
2020-07-31 06:00:00,79.06880143333333,-2.7760000000000105
2020-07-31 12:00:00,79.04953885,-3.0230000000000246
2020-07-31 18:00:00,78.84884471666666,-2.0749999999999886
2020-08-01 00:00:00,78.81774375,-2.1820000000000164
2020-08-01 06:00:00,78.83273628333333,-2.2590000000000146
2020-08-01 12:00:00,78.8179777,-2.423000000000002
2020-08-01 18:00:00,78.92280145,-2.473000000000013
2020-08-02 00:00:00,78.98400688333334,-2.5439999999999827
2020-08-02 06:00:00,79.02425556666667,-2.6200000000000045
2020-08-02 12:00:00,79.03997503333333,-2.72199999999998
2020-08-02 18:00:00,79.06558668333334,-2.798999999999978
2020-08-03 00:00:00,78.66629959999999,-4.892999999999972
2020-08-03 06:00:00,78.65187461666666,-5.074000000000012
2020-08-03 12:00:00,78.63627811666667,-4.3419999999999845
2020-08-03 18:00:00,78.76730273333334,-3.8179999999999836
2020-08-04 00:00:00,79.02831856666667,-3.021000000000015
2020-08-04 06:00:00,79.04599183333333,-3.3700000000000045
2020-08-04 12:00:00,79.03194691666667,-3.1759999999999877
2020-08-04 18:00:00,79.01702078333334,-3.502999999999986
2020-08-05 00:00:00,78.75784486666667,-1.184000000000026
2020-08-05 06:00:00,78.70232511666667,-1.1940000000000168
2020-08-05 12:00:00,78.58124313333333,-1.6499999999999773
2020-08-05 18:00:00,78.50403855,-3.6030000000000086
2020-08-06 00:00:00,78.40391313333333,-6.507000000000005
2020-08-06 06:00:00,78.37507316666667,-7.136000000000024
2020-08-06 12:00:00,78.35150216666666,-7.26400000000001
2020-08-06 18:00:00,78.39874325,-7.2660000000000196
2020-08-07 00:00:00,78.96241635,-6.377999999999986
2020-08-07 06:00:00,79.53942981666667,-5.447999999999979
2020-08-07 12:00:00,79.76047648333333,-4.956000000000017
2020-08-07 18:00:00,79.87352223333333,-4.117000000000019
2020-08-08 00:00:00,79.90069745,-3.5570000000000164
2020-08-08 06:00:00,79.88469578333333,-3.51400000000001
2020-08-08 12:00:00,79.88786098333334,-3.7620000000000005
2020-08-08 18:00:00,79.89280731666666,-3.887999999999977
2020-08-09 00:00:00,79.90530275,-4.083000000000027
2020-08-09 06:00:00,79.88338925,-4.2169999999999845
2020-08-09 12:00:00,79.88066026666667,-4.656999999999982
2020-08-09 18:00:00,79.87799971666666,-4.90300000000002
2020-08-10 00:00:00,79.88132759999999,-5.278999999999996
2020-08-10 06:00:00,79.90723331666666,-5.309000000000026
2020-08-10 12:00:00,79.90474318333334,-5.5120000000000005
2020-08-10 18:00:00,79.91981563333333,-5.5260000000000105
2020-08-11 00:00:00,79.92463855,-5.565999999999974
2020-08-11 06:00:00,79.95098788333334,-5.648000000000025
2020-08-11 12:00:00,79.96004618333333,-5.809000000000026
2020-08-11 18:00:00,79.9934631,-5.875999999999976
2020-08-12 00:00:00,80.00906138333333,-5.997000000000014
2020-08-12 06:00:00,80.035627,-6.053999999999974
2020-08-12 12:00:00,80.07875568333333,-6.163000000000011
2020-08-12 18:00:00,80.13151845,-6.233000000000004
2020-08-13 00:00:00,80.19453455,-6.165999999999997
2020-08-13 06:00:00,80.25380973333333,-6.043999999999983
2020-08-13 12:00:00,80.68759868333333,-6.660000000000025
2020-08-13 18:00:00,81.13429088333334,-6.833000000000027
2020-08-14 00:00:00,81.7760205,-6.235000000000014
2020-08-14 06:00:00,82.60596413333333,-6.579000000000008
2020-08-14 12:00:00,83.03557605,-8.682999999999993
2020-08-14 18:00:00,83.54207228333334,-12.238999999999976
2020-08-15 00:00:00,84.10372666666666,-13.523000000000025
2020-08-15 06:00:00,84.69084795,-14.464999999999975
2020-08-15 12:00:00,85.19996035,-15.720000000000027
2020-08-15 18:00:00,85.54139983333333,-16.182000000000016
2020-08-16 00:00:00,85.98782546666666,-18.442000000000007
2020-08-16 06:00:00,86.43892785,-21.514999999999986
2020-08-16 12:00:00,86.70263711666666,-29.351999999999975
2020-08-16 18:00:00,87.06445140000001,-36.593999999999994
2020-08-17 00:00:00,87.4464152,-40.14499999999998
2020-08-17 06:00:00,87.89043285,-40.271000000000015
2020-08-17 12:00:00,88.18242551666668,-36.06
2020-08-17 18:00:00,88.29401605,-34.78800000000001
2020-08-18 00:00:00,88.57113593333334,-32.521000000000015
2020-08-18 06:00:00,88.93910976666666,-35.63499999999999
2020-08-18 12:00:00,88.99816316666669,-35.863
2020-08-18 18:00:00,89.15804033333332,-34.69999999999999
2020-08-19 00:00:00,89.40243945,-36.156000000000006
2020-08-19 06:00:00,89.70890096666666,-35.44499999999999
2020-08-19 12:00:00,89.99560613333334,149.526
2020-08-19 18:00:00,89.99269395,135.259
2020-08-20 00:00:00,89.75267881666667,108.239
2020-08-20 06:00:00,89.35397361666666,107.497
2020-08-20 12:00:00,88.91404055,104.72
2020-08-20 18:00:00,88.51062683333332,103.708
2020-08-21 00:00:00,88.02819285,104.386
2020-08-21 06:00:00,87.71428033333332,104.529
2020-08-21 12:00:00,87.73934541666668,104.251
2020-08-21 18:00:00,87.71812568333333,104.231
2020-08-22 00:00:00,87.72310326666668,104.239
2020-08-22 06:00:00,87.73257838333332,104.292
2020-08-22 12:00:00,87.75337206666669,104.579
2020-08-22 18:00:00,87.75419668333332,105.017
2020-08-23 00:00:00,87.74238533333332,105.395
2020-08-23 06:00:00,87.74718245,105.674
2020-08-23 12:00:00,87.76085851666667,106.062
2020-08-23 18:00:00,87.77595643333332,106.217
2020-08-24 00:00:00,87.79667265,106.213
2020-08-24 06:00:00,87.79331618333332,105.965
2020-08-24 12:00:00,87.77050733333333,105.635
2020-08-24 18:00:00,87.76266961666668,105.26
2020-08-25 00:00:00,87.76935643333331,105.128
2020-08-25 06:00:00,87.77688586666666,104.813
2020-08-25 12:00:00,87.7814215,104.513
2020-08-25 18:00:00,87.78640696666666,104.204
2020-08-26 00:00:00,87.80751663333334,104.219
2020-08-26 06:00:00,87.83089233333334,104.714
2020-08-26 12:00:00,87.85262401666668,105.186
2020-08-26 18:00:00,87.88547913333332,105.913
2020-08-27 00:00:00,87.91425181666666,106.515
2020-08-27 06:00:00,87.94181083333334,107.247
2020-08-27 12:00:00,87.95656286666667,107.722
2020-08-27 18:00:00,87.98447298333332,108.28
2020-08-28 00:00:00,88.0029115,108.434
2020-08-28 06:00:00,88.02835843333334,108.765
2020-08-28 12:00:00,88.04237545,108.91
2020-08-28 18:00:00,88.06017868333332,109.091
2020-08-29 00:00:00,88.07336546666667,109.105
2020-08-29 06:00:00,88.09721851666669,109.336
2020-08-29 12:00:00,88.11916966666666,109.515
2020-08-29 18:00:00,88.15109455,109.979
2020-08-30 00:00:00,88.17392598333332,110.575
2020-08-30 06:00:00,88.21171391666668,111.452
2020-08-30 12:00:00,88.23321903333333,112.353
2020-08-30 18:00:00,88.25744801666669,113.073
2020-08-31 00:00:00,88.26927706666666,113.555
2020-08-31 06:00:00,88.28730503333334,113.872
2020-08-31 12:00:00,88.29681621666668,114.143
2020-08-31 18:00:00,88.31661455,114.372
2020-09-01 00:00:00,88.32890196666666,114.682
2020-09-01 06:00:00,88.34358456666666,115.066
2020-09-01 12:00:00,88.35841246666666,115.816
2020-09-01 18:00:00,88.3799046,116.478
2020-09-02 00:00:00,88.39599028333332,116.979
2020-09-02 06:00:00,88.42260531666666,117.317
2020-09-02 12:00:00,88.44756475,117.805
2020-09-02 18:00:00,88.48247903333332,118.462
2020-09-03 00:00:00,88.51870788333332,118.972
2020-09-03 06:00:00,88.56230438333333,119.644
2020-09-03 12:00:00,88.6001662,120.103
2020-09-03 18:00:00,88.64451248333332,120.402
2020-09-04 00:00:00,88.67614065,120.64
2020-09-04 06:00:00,88.704555,120.776
2020-09-04 12:00:00,88.72509783333334,120.628
2020-09-04 18:00:00,88.74609916666668,120.176
2020-09-05 00:00:00,88.7491168,119.654
2020-09-05 06:00:00,88.74997928333332,119.495
2020-09-05 12:00:00,88.74638826666668,119.279
2020-09-05 18:00:00,88.73956256666666,119.287
2020-09-06 00:00:00,88.73274021666668,119.063
2020-09-06 06:00:00,88.73921775,118.697
2020-09-06 12:00:00,88.74627455,117.636
2020-09-06 18:00:00,88.76164998333331,115.542
2020-09-07 00:00:00,88.74069215,113.134
2020-09-07 06:00:00,88.72061385,112.051
2020-09-07 12:00:00,88.6911186,111.715
2020-09-07 18:00:00,88.68391109999999,111.729
2020-09-08 00:00:00,88.67307931666667,112.078
2020-09-08 06:00:00,88.6764062,112.502
2020-09-08 12:00:00,88.67972883333331,112.964
2020-09-08 18:00:00,88.70230481666668,113.487
2020-09-09 00:00:00,88.71346618333334,113.481
2020-09-09 06:00:00,88.73146445,112.686
2020-09-09 12:00:00,88.72358708333331,111.025
2020-09-09 18:00:00,88.72145433333333,109.911
2020-09-10 00:00:00,88.70970878333333,108.624
2020-09-10 06:00:00,88.71301700000001,107.537
2020-09-10 12:00:00,88.70729996666668,106.819
2020-09-10 18:00:00,88.715181,106.244
2020-09-11 00:00:00,88.71857886666666,105.411
2020-09-11 06:00:00,88.73835583333332,104.622
2020-09-11 12:00:00,88.74626468333334,103.762
2020-09-11 18:00:00,88.76183741666668,103.104
2020-09-12 00:00:00,88.76083009999999,102.305
2020-09-12 06:00:00,88.77195646666668,101.587
2020-09-12 12:00:00,88.77328990000001,100.871
2020-09-12 18:00:00,88.79034676666667,100.309
2020-09-13 00:00:00,88.80174776666668,99.5332
2020-09-13 06:00:00,88.84099531666666,98.2385
2020-09-13 12:00:00,88.88676256666666,96.0812
2020-09-13 18:00:00,88.94050148333334,96.3577
2020-09-14 00:00:00,88.97229195,96.4819
2020-09-14 06:00:00,89.0056451,100.181
2020-09-14 12:00:00,89.02059916666668,102.169
2020-09-14 18:00:00,89.05761511666668,105.748
2020-09-15 00:00:00,89.05100908333333,106.982
2020-09-15 06:00:00,89.07307171666666,107.76
2020-09-15 12:00:00,89.06436471666666,107.132
2020-09-15 18:00:00,89.07851915,107.925
2020-09-16 00:00:00,89.07217368333332,107.893
2020-09-16 06:00:00,89.09092555,109.203
2020-09-16 12:00:00,89.07375345,108.779
2020-09-16 18:00:00,89.0638234,109.527
2020-09-17 00:00:00,89.0299243,108.755
2020-09-17 06:00:00,89.02600513333331,108.184
2020-09-17 12:00:00,89.01714703333332,107.129
2020-09-17 18:00:00,89.03429928333334,107.377
2020-09-18 00:00:00,89.04389218333333,107.171
2020-09-18 06:00:00,89.06793271666666,107.34
2020-09-18 12:00:00,89.08014656666668,106.808
2020-09-18 18:00:00,89.10532266666668,107.366
2020-09-19 00:00:00,89.1259108,107.644
2020-09-19 06:00:00,89.15455531666667,109.95
2020-09-19 12:00:00,89.13989151666668,110.211
2020-09-19 18:00:00,89.15053796666666,111.574
2020-09-20 00:00:00,89.13668221666669,111.158
2020-09-20 06:00:00,89.1433883,111.374
2020-09-20 12:00:00,89.13358935,110.378
2020-09-20 18:00:00,88.93467541666666,108.151
2020-09-21 00:00:00,88.73799885,108.512
2020-09-21 06:00:00,88.56753276666667,105.23
2020-09-21 12:00:00,88.50642373333334,105.123
2020-09-21 18:00:00,88.26481085,103.101
2020-09-22 00:00:00,87.80107968333333,100.129
2020-09-22 06:00:00,87.44693236666667,98.7259
2020-09-22 12:00:00,86.90626161666668,97.9618
2020-09-22 18:00:00,86.47055265,94.6741
2020-09-23 00:00:00,86.10996490000001,87.9769
2020-09-23 06:00:00,86.0321651,84.7282
2020-09-23 12:00:00,85.95333941666668,77.8104
2020-09-23 18:00:00,85.98916833333334,70.4071
2020-09-24 00:00:00,85.96474291666668,64.2966
2020-09-24 06:00:00,86.00487641666666,59.4866
2020-09-24 12:00:00,86.01405391666668,59.3918
2020-09-24 18:00:00,86.0539365,59.7431
2020-09-25 00:00:00,85.93806361666668,54.6347
2020-09-25 06:00:00,86.00376206666668,49.6389
2020-09-25 12:00:00,85.95603863333334,48.4191
2020-09-25 18:00:00,85.99196386666668,45.5521
2020-09-26 00:00:00,85.98380258333331,39.0587
2020-09-26 06:00:00,86.02909050000001,35.5616
2020-09-26 12:00:00,86.02997845,35.5304
2020-09-26 18:00:00,85.85025515,31.4989
2020-09-27 00:00:00,85.25770778333333,32.0403
2020-09-27 06:00:00,84.61673809999999,31.6181
2020-09-27 12:00:00,84.04095633333333,32.2079
2020-09-27 18:00:00,83.33514266666667,32.0731
2020-09-28 00:00:00,83.29594146666666,31.5803
2020-09-28 06:00:00,83.22985129999999,25.6708
2020-09-28 12:00:00,83.1494169,25.2076
2020-09-28 18:00:00,82.8955678,22.6317
2020-09-29 00:00:00,82.47076373333333,18.5858
2020-09-29 06:00:00,82.12286458333334,14.5144
2020-09-29 12:00:00,81.60275905,11.7797
2020-09-29 18:00:00,81.60069955,8.6359
2020-09-30 00:00:00,81.6481097,4.27605
2020-09-30 06:00:00,81.74806346666666,2.16245
2020-09-30 12:00:00,81.69856841666666,1.43568
2020-09-30 18:00:00,81.40193308333333,2.41379
2020-10-01 00:00:00,80.95719565,4.16522
2020-10-01 06:00:00,80.44544805,6.03432
2020-10-01 12:00:00,80.0279386,6.94021
2020-10-01 18:00:00,79.32985801666666,8.32882
